1INCH, ALCX
1INCH, ALT
1INCH, AMPL
1INCH, ASD
1INCH, AUDIO
1INCH, BADGER
1INCH, BSV
1INCH, BTC
1INCH, CHZ
1INCH, DENT
1INCH, DRGN
1INCH, GRT
1INCH, HOT
1INCH, KNC
1INCH, KSM
1INCH, LINA
1INCH, LINK
1INCH, LTC
1INCH, MEDIA
1INCH, MTA
1INCH, MTL
1INCH, ONT
1INCH, PROM
1INCH, QTUM
1INCH, REEF
1INCH, ROOK
1INCH, RUNE
1INCH, SC
1INCH, SKL
1INCH, THETA
1INCH, TRU
1INCH, TRX
1INCH, VET
1INCH, XLM
1INCH, XRP
1INCH, ZIL
1INCH, ZRX
AAVE, ALCX
AAVE, AMPL
AAVE, BAL
AAVE, BTT
AAVE, CAKE
AAVE, DAWN
AAVE, DODO
AAVE, DOGE
AAVE, EOS
AAVE, ETC
AAVE, FLOW
AAVE, ICP
AAVE, KAVA
AAVE, KIN
AAVE, MEDIA
AAVE, PERP
AAVE, PROM
AAVE, PUNDIX
AAVE, SNX
AAVE, SRN
AAVE, SUSHI
AAVE, SXP
AAVE, TOMO
AAVE, TRYB
AAVE, XEM
AAVE, XMR
AAVE, YFII
AAVE, ZIL
ADA, ALCX
ADA, AUDIO
ADA, BAND
ADA, CAKE
ADA, CONV
ADA, DODO
ADA, FIL
ADA, ICP
ADA, KAVA
ADA, KIN
ADA, KSM
ADA, MAPS
ADA, MEDIA
ADA, MER
ADA, MTL
ADA, NEO
ADA, PERP
ADA, PROM
ADA, RAMP
ADA, SKL
ADA, STEP
ADA, STMX
ADA, SUSHI
ADA, TRU
ADA, WAVES
ADA, YFII
ADA, ZIL
ALCX, ALGO
ALCX, ALPHA
ALCX, ALT
ALCX, AMPL
ALCX, AR
ALCX, ASD
ALCX, ATOM
ALCX, AUDIO
ALCX, AXS
ALCX, BADGER
ALCX, BAL
ALCX, BAND
ALCX, BAO
ALCX, BAT
ALCX, BCH
ALCX, BNB
ALCX, BNT
ALCX, BRZ
ALCX, BSV
ALCX, BTC
ALCX, BTT
ALCX, CAKE
ALCX, CHZ
ALCX, COMP
ALCX, CONV
ALCX, CUSDT
ALCX, DASH
ALCX, DAWN
ALCX, DEFI
ALCX, DENT
ALCX, DODO
ALCX, DOGE
ALCX, DOT
ALCX, DRGN
ALCX, EGLD
ALCX, ENJ
ALCX, EOS
ALCX, ETC
ALCX, ETH
ALCX, EXCH
ALCX, FIDA
ALCX, FIL
ALCX, FLM
ALCX, FLOW
ALCX, FTM
ALCX, FTT
ALCX, GRT
ALCX, HBAR
ALCX, HNT
ALCX, HOLY
ALCX, HOT
ALCX, HT
ALCX, IOTA
ALCX, KAVA
ALCX, KIN
ALCX, KNC
ALCX, KSM
ALCX, LEO
ALCX, LINA
ALCX, LINK
ALCX, LTC
ALCX, MAPS
ALCX, MEDIA
ALCX, MID
ALCX, MKR
ALCX, MTA
ALCX, MTL
ALCX, MVDA10
ALCX, MVDA25
ALCX, NEO
ALCX, OKB
ALCX, OMG
ALCX, ONT
ALCX, ORBS
ALCX, OXY
ALCX, PAXG
ALCX, PERP
ALCX, PRIV
ALCX, PROM
ALCX, PUNDIX
ALCX, QTUM
ALCX, RAMP
ALCX, RAY
ALCX, REEF
ALCX, REN
ALCX, ROOK
ALCX, RSR
ALCX, RUNE
ALCX, SC
ALCX, SECO
ALCX, SHIB
ALCX, SHIT
ALCX, SKL
ALCX, SNX
ALCX, SOL
ALCX, SRM
ALCX, SRN
ALCX, STMX
ALCX, STORJ
ALCX, STX
ALCX, SUSHI
ALCX, SXP
ALCX, THETA
ALCX, TOMO
ALCX, TRU
ALCX, TRX
ALCX, TRYB
ALCX, UNI
ALCX, UNISWAP
ALCX, USDT
ALCX, VET
ALCX, WAVES
ALCX, XAUT
ALCX, XEM
ALCX, XLM
ALCX, XMR
ALCX, XRP
ALCX, XTZ
ALCX, YFI
ALCX, YFII
ALCX, ZEC
ALCX, ZIL
ALCX, ZRX
ALGO, ATOM
ALGO, HBAR
ALGO, IOTA
ALGO, KSM
ALGO, REN
ALGO, STEP
ALGO, XTZ
ALPHA, AUDIO
ALPHA, BADGER
ALPHA, BAND
ALPHA, BTT
ALPHA, DASH
ALPHA, DAWN
ALPHA, DENT
ALPHA, DODO
ALPHA, DOGE
ALPHA, FLM
ALPHA, FTT
ALPHA, GRT
ALPHA, HOT
ALPHA, ICP
ALPHA, KAVA
ALPHA, KIN
ALPHA, KSM
ALPHA, LINA
ALPHA, MEDIA
ALPHA, MER
ALPHA, MTA
ALPHA, MTL
ALPHA, ONT
ALPHA, ORBS
ALPHA, PERP
ALPHA, PROM
ALPHA, PUNDIX
ALPHA, QTUM
ALPHA, RAMP
ALPHA, ROOK
ALPHA, RSR
ALPHA, SC
ALPHA, SKL
ALPHA, STEP
ALPHA, STMX
ALPHA, SUSHI
ALPHA, TRU
ALPHA, WAVES
ALPHA, XRP
ALPHA, YFII
ALPHA, ZIL
ALPHA, ZRX
ALT, AMPL
ALT, AUDIO
ALT, CHZ
ALT, DEFI
ALT, GRT
ALT, IOTA
ALT, KIN
ALT, KSM
ALT, LINA
ALT, LTC
ALT, MEDIA
ALT, MTA
ALT, MTL
ALT, ORBS
ALT, PROM
ALT, QTUM
ALT, ROOK
ALT, RSR
ALT, RUNE
ALT, SC
ALT, STMX
ALT, TRU
ALT, ZRX
AMPL, ASD
AMPL, BAL
AMPL, BAND
AMPL, BCH
AMPL, BNT
AMPL, BRZ
AMPL, BSV
AMPL, BTC
AMPL, BTT
AMPL, CAKE
AMPL, CHZ
AMPL, CONV
AMPL, CUSDT
AMPL, DASH
AMPL, DAWN
AMPL, DEFI
AMPL, DOGE
AMPL, DRGN
AMPL, EOS
AMPL, ETC
AMPL, EXCH
AMPL, FLM
AMPL, GRT
AMPL, HBAR
AMPL, HOT
AMPL, HT
AMPL, ICP
AMPL, IOTA
AMPL, KAVA
AMPL, KNC
AMPL, KSM
AMPL, LEO
AMPL, LINA
AMPL, LINK
AMPL, LTC
AMPL, MEDIA
AMPL, MER
AMPL, MID
AMPL, MKR
AMPL, MTA
AMPL, MTL
AMPL, MVDA10
AMPL, MVDA25
AMPL, NEO
AMPL, ONT
AMPL, ORBS
AMPL, OXY
AMPL, PAXG
AMPL, PERP
AMPL, PRIV
AMPL, PROM
AMPL, PUNDIX
AMPL, REEF
AMPL, ROOK
AMPL, RSR
AMPL, SC
AMPL, SNX
AMPL, SRN
AMPL, STMX
AMPL, SUSHI
AMPL, THETA
AMPL, TOMO
AMPL, TRX
AMPL, TRYB
AMPL, UNI
AMPL, USDT
AMPL, VET
AMPL, WAVES
AMPL, XAUT
AMPL, XEM
AMPL, XLM
AMPL, XMR
AMPL, XRP
AMPL, YFI
AMPL, ZIL
AMPL, ZRX
AR, AXS
AR, KSM
AR, SECO
AR, SOL
AR, STEP
ASD, AUDIO
ASD, BAL
ASD, BAND
ASD, BCH
ASD, BNT
ASD, BSV
ASD, BTT
ASD, CHZ
ASD, CONV
ASD, DASH
ASD, DODO
ASD, DOGE
ASD, EOS
ASD, ETC
ASD, FIL
ASD, FLM
ASD, FTT
ASD, GRT
ASD, ICP
ASD, KNC
ASD, KSM
ASD, LINA
ASD, LINK
ASD, LTC
ASD, MEDIA
ASD, MER
ASD, MID
ASD, MTA
ASD, MTL
ASD, NEO
ASD, ONT
ASD, ORBS
ASD, PERP
ASD, PRIV
ASD, PROM
ASD, PUNDIX
ASD, RAMP
ASD, REEF
ASD, ROOK
ASD, RSR
ASD, RUNE
ASD, SC
ASD, SKL
ASD, SNX
ASD, SRN
ASD, STMX
ASD, SUSHI
ASD, THETA
ASD, TOMO
ASD, TRU
ASD, TRX
ASD, UNI
ASD, VET
ASD, WAVES
ASD, XEM
ASD, XLM
ASD, XMR
ASD, YFI
ASD, YFII
ASD, ZIL
ASD, ZRX
AUDIO, BADGER
AUDIO, BAND
AUDIO, BNT
AUDIO, BSV
AUDIO, BTT
AUDIO, CHZ
AUDIO, CONV
AUDIO, DASH
AUDIO, DAWN
AUDIO, DEFI
AUDIO, DENT
AUDIO, DODO
AUDIO, DOGE
AUDIO, DRGN
AUDIO, ETC
AUDIO, EXCH
AUDIO, FIL
AUDIO, FLM
AUDIO, FTT
AUDIO, GRT
AUDIO, HBAR
AUDIO, HOT
AUDIO, ICP
AUDIO, IOTA
AUDIO, KIN
AUDIO, KNC
AUDIO, KSM
AUDIO, LINA
AUDIO, LINK
AUDIO, LTC
AUDIO, MEDIA
AUDIO, MER
AUDIO, MID
AUDIO, MTA
AUDIO, MTL
AUDIO, NEO
AUDIO, ONT
AUDIO, ORBS
AUDIO, PERP
AUDIO, PRIV
AUDIO, PROM
AUDIO, PUNDIX
AUDIO, QTUM
AUDIO, RAMP
AUDIO, REEF
AUDIO, ROOK
AUDIO, RSR
AUDIO, RUNE
AUDIO, SC
AUDIO, SKL
AUDIO, SRN
AUDIO, STEP
AUDIO, STMX
AUDIO, SUSHI
AUDIO, TRU
AUDIO, TRX
AUDIO, UNISWAP
AUDIO, VET
AUDIO, WAVES
AUDIO, XEM
AUDIO, XLM
AUDIO, XRP
AUDIO, XTZ
AUDIO, YFII
AUDIO, ZIL
AUDIO, ZRX
AVAX, LRC
AVAX, NEAR
AXS, EGLD
AXS, KSM
AXS, STEP
BADGER, CHZ
BADGER, DENT
BADGER, DOT
BADGER, DRGN
BADGER, HOT
BADGER, KSM
BADGER, LINA
BADGER, LINK
BADGER, MTL
BADGER, PERP
BADGER, PROM
BADGER, QTUM
BADGER, REEF
BADGER, REN
BADGER, ROOK
BADGER, RUNE
BADGER, SC
BADGER, SKL
BADGER, STEP
BADGER, STMX
BADGER, TRU
BADGER, VET
BADGER, ZRX
BAL, BAND
BAL, BCH
BAL, BSV
BAL, BTT
BAL, CHZ
BAL, DASH
BAL, DAWN
BAL, DODO
BAL, DOGE
BAL, EOS
BAL, ETC
BAL, GRT
BAL, ICP
BAL, KAVA
BAL, KIN
BAL, KNC
BAL, LINA
BAL, MEDIA
BAL, MKR
BAL, NEO
BAL, ONT
BAL, PERP
BAL, PRIV
BAL, PROM
BAL, PUNDIX
BAL, ROOK
BAL, RSR
BAL, SKL
BAL, SNX
BAL, SRN
BAL, STMX
BAL, SUSHI
BAL, SXP
BAL, THETA
BAL, TOMO
BAL, UNI
BAL, WAVES
BAL, XEM
BAL, XMR
BAL, YFII
BAL, ZIL
BAND, BCH
BAND, BSV
BAND, BTT
BAND, CAKE
BAND, CONV
BAND, DASH
BAND, DAWN
BAND, DOGE
BAND, EOS
BAND, ETC
BAND, FIL
BAND, FLM
BAND, FTT
BAND, GRT
BAND, ICP
BAND, KAVA
BAND, KIN
BAND, KSM
BAND, LINA
BAND, LINK
BAND, MAPS
BAND, MEDIA
BAND, MER
BAND, MTA
BAND, MTL
BAND, NEO
BAND, ONT
BAND, ORBS
BAND, OXY
BAND, PERP
BAND, PRIV
BAND, PROM
BAND, PUNDIX
BAND, RAMP
BAND, ROOK
BAND, RSR
BAND, RUNE
BAND, SKL
BAND, SNX
BAND, SRN
BAND, STMX
BAND, SUSHI
BAND, TRU
BAND, TRX
BAND, UNI
BAND, VET
BAND, WAVES
BAND, XEM
BAND, XMR
BAND, XRP
BAND, YFII
BAND, ZIL
BAND, ZRX
BAT, ENJ
BAT, HNT
BAT, HUM
BAT, MATIC
BAT, OKB
BAT, STORJ
BAT, STX
BCH, BSV
BCH, BTT
BCH, CONV
BCH, DASH
BCH, DAWN
BCH, DODO
BCH, DOGE
BCH, EOS
BCH, ETC
BCH, FLM
BCH, GRT
BCH, ICP
BCH, KAVA
BCH, KIN
BCH, KNC
BCH, KSM
BCH, MEDIA
BCH, MER
BCH, MTA
BCH, MTL
BCH, NEO
BCH, ONT
BCH, PERP
BCH, PRIV
BCH, PROM
BCH, PUNDIX
BCH, ROOK
BCH, RSR
BCH, SKL
BCH, SRN
BCH, STMX
BCH, SUSHI
BCH, THETA
BCH, TOMO
BCH, UNI
BCH, WAVES
BCH, XEM
BCH, XMR
BCH, YFII
BCH, ZIL
BNB, ETH
BNB, KSM
BNB, SHIT
BNB, STORJ
BNB, STX
BNB, ZEC
BNT, BSV
BNT, BTT
BNT, CHZ
BNT, DAWN
BNT, DOGE
BNT, GRT
BNT, KIN
BNT, KNC
BNT, KSM
BNT, LINA
BNT, LTC
BNT, MEDIA
BNT, MID
BNT, MTA
BNT, MTL
BNT, ONT
BNT, PERP
BNT, PROM
BNT, ROOK
BNT, RSR
BNT, SC
BNT, STMX
BNT, THETA
BNT, TOMO
BNT, TRU
BNT, XEM
BNT, XLM
BNT, XMR
BNT, YFII
BNT, ZIL
BNT, ZRX
BRZ, KNC
BRZ, MEDIA
BRZ, THETA
BRZ, YFI
BSV, CONV
BSV, CUSDT
BSV, DASH
BSV, DAWN
BSV, DOGE
BSV, EOS
BSV, GRT
BSV, ICP
BSV, KIN
BSV, KNC
BSV, KSM
BSV, LINA
BSV, LINK
BSV, MEDIA
BSV, MTA
BSV, ONT
BSV, PAXG
BSV, PERP
BSV, PRIV
BSV, PROM
BSV, ROOK
BSV, SKL
BSV, STMX
BSV, THETA
BSV, TOMO
BSV, TRU
BSV, UNI
BSV, USDT
BSV, WAVES
BSV, XAUT
BSV, XEM
BSV, XLM
BSV, XMR
BSV, YFII
BSV, ZIL
BTC, KSM
BTC, LINA
BTC, LTC
BTC, MEDIA
BTC, MER
BTC, MID
BTC, MTL
BTC, ONT
BTC, QTUM
BTC, REEF
BTC, ROOK
BTC, RUNE
BTC, SC
BTC, STMX
BTC, VET
BTC, XLM
BTC, ZRX
BTT, CAKE
BTT, CONV
BTT, DASH
BTT, DAWN
BTT, DODO
BTT, DOGE
BTT, EOS
BTT, ETC
BTT, FIL
BTT, FLM
BTT, FTT
BTT, GRT
BTT, ICP
BTT, KAVA
BTT, KIN
BTT, KNC
BTT, KSM
BTT, LINA
BTT, LINK
BTT, MEDIA
BTT, MTL
BTT, NEO
BTT, ONT
BTT, PERP
BTT, PRIV
BTT, PROM
BTT, PUNDIX
BTT, RAMP
BTT, ROOK
BTT, RSR
BTT, SC
BTT, SKL
BTT, STMX
BTT, SUSHI
BTT, SXP
BTT, TOMO
BTT, TRU
BTT, UNI
BTT, WAVES
BTT, XEM
BTT, XLM
BTT, XMR
BTT, XRP
BTT, YFII
BTT, ZIL
CAKE, CONV
CAKE, DASH
CAKE, DAWN
CAKE, DODO
CAKE, DOGE
CAKE, EOS
CAKE, ETC
CAKE, FIL
CAKE, ICP
CAKE, KAVA
CAKE, KIN
CAKE, MEDIA
CAKE, MER
CAKE, NEO
CAKE, PERP
CAKE, PROM
CAKE, PUNDIX
CAKE, SKL
CAKE, SNX
CAKE, SRN
CAKE, SUSHI
CAKE, SXP
CAKE, TRU
CAKE, UNI
CAKE, WAVES
CAKE, YFII
CHZ, CONV
CHZ, DEFI
CHZ, DOGE
CHZ, DRGN
CHZ, FLM
CHZ, GRT
CHZ, HOT
CHZ, ICP
CHZ, KIN
CHZ, KNC
CHZ, KSM
CHZ, LINA
CHZ, LINK
CHZ, LTC
CHZ, MEDIA
CHZ, MID
CHZ, MTA
CHZ, MTL
CHZ, MVDA10
CHZ, ONT
CHZ, PERP
CHZ, PROM
CHZ, QTUM
CHZ, REEF
CHZ, ROOK
CHZ, RSR
CHZ, RUNE
CHZ, SC
CHZ, SKL
CHZ, THETA
CHZ, TRU
CHZ, VET
CHZ, XLM
CHZ, ZEC
CHZ, ZIL
CHZ, ZRX
COMP, FLOW
COMP, ICP
COMP, MER
COMP, SRN
COMP, TRYB
CONV, DASH
CONV, DAWN
CONV, DODO
CONV, DOGE
CONV, EOS
CONV, ETC
CONV, FIL
CONV, FLOW
CONV, ICP
CONV, KAVA
CONV, KIN
CONV, MER
CONV, NEO
CONV, OXY
CONV, PERP
CONV, PROM
CONV, PUNDIX
CONV, RAMP
CONV, SKL
CONV, SNX
CONV, SRN
CONV, STMX
CONV, SUSHI
CONV, SXP
CONV, TOMO
CONV, TRU
CONV, TRYB
CONV, UNI
CONV, WAVES
CONV, XEM
CONV, YFII
CRO, HUM
CRO, LRC
CRO, SAND
CRV, NEAR
CUSDT, KNC
CUSDT, MEDIA
CUSDT, MKR
CUSDT, PAXG
CUSDT, THETA
CUSDT, XAUT
CUSDT, XLM
CUSDT, YFI
DASH, DAWN
DASH, DODO
DASH, DOGE
DASH, FLM
DASH, GRT
DASH, ICP
DASH, KAVA
DASH, KIN
DASH, KNC
DASH, KSM
DASH, LINA
DASH, LINK
DASH, MEDIA
DASH, MER
DASH, MKR
DASH, MTA
DASH, MTL
DASH, NEO
DASH, ONT
DASH, PERP
DASH, PROM
DASH, PUNDIX
DASH, RAMP
DASH, ROOK
DASH, RSR
DASH, SC
DASH, SKL
DASH, SRN
DASH, STMX
DASH, SUSHI
DASH, SXP
DASH, THETA
DASH, TOMO
DASH, TRU
DASH, UNI
DASH, WAVES
DASH, XEM
DASH, XRP
DASH, YFII
DASH, ZIL
DAWN, DODO
DAWN, DOGE
DAWN, EOS
DAWN, ETC
DAWN, FLM
DAWN, FTT
DAWN, GRT
DAWN, ICP
DAWN, KAVA
DAWN, KIN
DAWN, KNC
DAWN, LINA
DAWN, MEDIA
DAWN, MKR
DAWN, MTA
DAWN, MTL
DAWN, NEO
DAWN, ONT
DAWN, PERP
DAWN, PRIV
DAWN, PROM
DAWN, PUNDIX
DAWN, RAMP
DAWN, ROOK
DAWN, RSR
DAWN, SC
DAWN, SKL
DAWN, SNX
DAWN, SRN
DAWN, STMX
DAWN, SUSHI
DAWN, SXP
DAWN, TOMO
DAWN, TRU
DAWN, UNI
DAWN, WAVES
DAWN, XEM
DAWN, XLM
DAWN, XMR
DAWN, XRP
DAWN, YFII
DAWN, ZIL
DEFI, DENT
DEFI, DRGN
DEFI, GRT
DEFI, HBAR
DEFI, IOTA
DEFI, KSM
DEFI, LINA
DEFI, LTC
DEFI, MEDIA
DEFI, MTL
DEFI, QTUM
DEFI, ROOK
DEFI, RUNE
DEFI, SC
DEFI, STMX
DEFI, TRU
DEFI, TRX
DEFI, XTZ
DEFI, ZRX
DENT, DODO
DENT, DRGN
DENT, FTT
DENT, HOT
DENT, ICP
DENT, KIN
DENT, KSM
DENT, LINA
DENT, MTL
DENT, PERP
DENT, QTUM
DENT, RAMP
DENT, REEF
DENT, ROOK
DENT, RSR
DENT, RUNE
DENT, STEP
DENT, STMX
DENT, TRU
DENT, VET
DENT, YFII
DODO, DOGE
DODO, EOS
DODO, ETC
DODO, FIL
DODO, FLM
DODO, FTT
DODO, GRT
DODO, ICP
DODO, KAVA
DODO, KIN
DODO, LINK
DODO, MEDIA
DODO, MTA
DODO, MTL
DODO, NEO
DODO, ONT
DODO, PERP
DODO, PRIV
DODO, PROM
DODO, PUNDIX
DODO, RAMP
DODO, ROOK
DODO, RSR
DODO, SKL
DODO, SNX
DODO, SRN
DODO, SUSHI
DODO, SXP
DODO, TOMO
DODO, TRU
DODO, UNI
DODO, VET
DODO, WAVES
DODO, XEM
DODO, XLM
DODO, XMR
DODO, XRP
DODO, YFII
DODO, ZIL
DOGE, EOS
DOGE, ETC
DOGE, FIL
DOGE, FLM
DOGE, GRT
DOGE, ICP
DOGE, KAVA
DOGE, KIN
DOGE, KNC
DOGE, LINA
DOGE, MEDIA
DOGE, MKR
DOGE, MTA
DOGE, NEO
DOGE, ONT
DOGE, PERP
DOGE, PRIV
DOGE, PROM
DOGE, PUNDIX
DOGE, RAMP
DOGE, ROOK
DOGE, RSR
DOGE, SKL
DOGE, SNX
DOGE, SRN
DOGE, STMX
DOGE, SUSHI
DOGE, SXP
DOGE, THETA
DOGE, TOMO
DOGE, TRU
DOGE, TRYB
DOGE, UNI
DOGE, WAVES
DOGE, XEM
DOGE, XLM
DOGE, XMR
DOGE, YFII
DOGE, ZIL
DOT, HBAR
DOT, KSM
DOT, REN
DOT, STEP
DOT, TRU
DRGN, FTT
DRGN, GRT
DRGN, HOT
DRGN, KIN
DRGN, KSM
DRGN, LINA
DRGN, MEDIA
DRGN, MTA
DRGN, MTL
DRGN, PERP
DRGN, PROM
DRGN, QTUM
DRGN, REEF
DRGN, ROOK
DRGN, RUNE
DRGN, SC
DRGN, STMX
DRGN, TRU
EGLD, ENJ
EGLD, KSM
EGLD, SECO
EGLD, SOL
EGLD, STORJ
ENJ, HNT
ENJ, HUM
ENJ, STORJ
ENJ, STX
EOS, ETC
EOS, FIL
EOS, ICP
EOS, KAVA
EOS, KIN
EOS, KNC
EOS, MEDIA
EOS, MER
EOS, NEO
EOS, ONT
EOS, PERP
EOS, PRIV
EOS, PROM
EOS, PUNDIX
EOS, ROOK
EOS, SKL
EOS, SNX
EOS, SRN
EOS, SUSHI
EOS, SXP
EOS, THETA
EOS, TOMO
EOS, TRU
EOS, TRYB
EOS, UNI
EOS, WAVES
EOS, XEM
EOS, XMR
EOS, YFII
EOS, ZIL
ETC, FIL
ETC, ICP
ETC, KAVA
ETC, KIN
ETC, KNC
ETC, MEDIA
ETC, MER
ETC, NEO
ETC, PERP
ETC, PRIV
ETC, PROM
ETC, PUNDIX
ETC, SKL
ETC, SNX
ETC, SRN
ETC, SUSHI
ETC, SXP
ETC, THETA
ETC, TOMO
ETC, TRYB
ETC, UNI
ETC, XEM
ETC, YFII
ETC, ZIL
ETH, IOTA
ETH, KSM
ETH, MEDIA
ETH, SC
ETH, SHIT
ETH, STORJ
ETH, STX
ETH, ZEC
EXCH, IOTA
EXCH, KIN
EXCH, KSM
EXCH, LINA
EXCH, LTC
EXCH, MEDIA
EXCH, MTA
EXCH, MTL
EXCH, QTUM
EXCH, ROOK
EXCH, RUNE
EXCH, SC
EXCH, STMX
EXCH, ZEC
EXCH, ZRX
FIDA, KSM
FIDA, STEP
FIL, ICP
FIL, KAVA
FIL, KIN
FIL, MAPS
FIL, MEDIA
FIL, MER
FIL, NEO
FIL, OXY
FIL, PERP
FIL, PROM
FIL, RAMP
FIL, SKL
FIL, SNX
FIL, SRM
FIL, SRN
FIL, SUSHI
FIL, SXP
FIL, TRU
FIL, TRYB
FIL, WAVES
FIL, YFII
FLM, FTT
FLM, GRT
FLM, ICP
FLM, KAVA
FLM, KIN
FLM, KNC
FLM, KSM
FLM, LINA
FLM, MEDIA
FLM, MKR
FLM, MTA
FLM, MTL
FLM, ONT
FLM, PERP
FLM, PRIV
FLM, PROM
FLM, PUNDIX
FLM, RAMP
FLM, ROOK
FLM, RSR
FLM, SKL
FLM, SRN
FLM, STMX
FLM, SUSHI
FLM, SXP
FLM, TOMO
FLM, TRU
FLM, VET
FLM, WAVES
FLM, XEM
FLM, XRP
FLM, YFII
FLM, ZIL
FLM, ZRX
FLOW, ICP
FLOW, MER
FLOW, SNX
FTT, HBAR
FTT, ICP
FTT, IOTA
FTT, KSM
FTT, LINA
FTT, LINK
FTT, MEDIA
FTT, MER
FTT, MTL
FTT, ONT
FTT, ORBS
FTT, PERP
FTT, PROM
FTT, PUNDIX
FTT, QTUM
FTT, RAMP
FTT, REEF
FTT, ROOK
FTT, RSR
FTT, SC
FTT, SKL
FTT, STEP
FTT, STMX
FTT, TRU
FTT, TRX
FTT, UNISWAP
FTT, WAVES
FTT, XRP
FTT, XTZ
FTT, YFII
FTT, ZIL
FTT, ZRX
GRT, HOT
GRT, ICP
GRT, KIN
GRT, KNC
GRT, KSM
GRT, LINA
GRT, LINK
GRT, LTC
GRT, MEDIA
GRT, MID
GRT, MTA
GRT, MTL
GRT, ONT
GRT, ORBS
GRT, PERP
GRT, PRIV
GRT, PROM
GRT, PUNDIX
GRT, QTUM
GRT, RAMP
GRT, REEF
GRT, ROOK
GRT, RSR
GRT, RUNE
GRT, SC
GRT, SKL
GRT, STMX
GRT, THETA
GRT, TOMO
GRT, TRU
GRT, TRX
GRT, VET
GRT, XEM
GRT, XLM
GRT, XRP
GRT, ZIL
GRT, ZRX
HBAR, IOTA
HBAR, KSM
HBAR, MEDIA
HBAR, MTL
HBAR, ORBS
HBAR, REN
HBAR, ROOK
HBAR, RUNE
HBAR, STEP
HBAR, UNISWAP
HBAR, XTZ
HNT, HUM
HNT, STORJ
HOLY, KSM
HOLY, MEDIA
HOLY, MER
HOLY, MTL
HOLY, REN
HOLY, STEP
HOLY, TRU
HOLY, XTZ
HOT, KIN
HOT, KSM
HOT, LINA
HOT, LTC
HOT, MEDIA
HOT, MTA
HOT, MTL
HOT, PERP
HOT, QTUM
HOT, REEF
HOT, ROOK
HOT, RSR
HOT, RUNE
HOT, SC
HOT, STMX
HOT, TRU
HOT, VET
HOT, ZRX
HT, ICP
HT, KAVA
HT, KIN
HT, MKR
HT, PROM
HT, SRN
HT, SXP
HT, TOMO
HT, YFII
HUM, LRC
ICP, KAVA
ICP, KIN
ICP, KNC
ICP, LINA
ICP, LINK
ICP, MAPS
ICP, MEDIA
ICP, MER
ICP, MKR
ICP, MTA
ICP, MTL
ICP, NEO
ICP, ONT
ICP, PERP
ICP, PRIV
ICP, PROM
ICP, PUNDIX
ICP, RAMP
ICP, REN
ICP, ROOK
ICP, RSR
ICP, SC
ICP, SKL
ICP, SNX
ICP, SRM
ICP, SRN
ICP, SUSHI
ICP, SXP
ICP, TOMO
ICP, TRU
ICP, TRX
ICP, TRYB
ICP, UNI
ICP, UNISWAP
ICP, WAVES
ICP, XEM
ICP, XMR
ICP, XRP
ICP, YFII
ICP, ZIL
ICP, ZRX
IOTA, KSM
IOTA, LINA
IOTA, MEDIA
IOTA, MTL
IOTA, MVDA10
IOTA, MVDA25
IOTA, SC
IOTA, STX
IOTA, TRX
IOTA, UNISWAP
IOTA, YFII
KAVA, KIN
KAVA, KNC
KAVA, KSM
KAVA, MEDIA
KAVA, MER
KAVA, MKR
KAVA, MTL
KAVA, NEO
KAVA, ONT
KAVA, PERP
KAVA, PRIV
KAVA, PROM
KAVA, PUNDIX
KAVA, RAMP
KAVA, RSR
KAVA, SKL
KAVA, SNX
KAVA, SRN
KAVA, STMX
KAVA, SUSHI
KAVA, SXP
KAVA, THETA
KAVA, TRU
KAVA, UNI
KAVA, XEM
KAVA, XMR
KAVA, YFII
KAVA, ZIL
KIN, KNC
KIN, KSM
KIN, LINA
KIN, LINK
KIN, MEDIA
KIN, MID
KIN, MKR
KIN, MTA
KIN, MTL
KIN, NEO
KIN, ONT
KIN, ORBS
KIN, PERP
KIN, PRIV
KIN, PROM
KIN, PUNDIX
KIN, QTUM
KIN, RAMP
KIN, REEF
KIN, ROOK
KIN, RSR
KIN, SC
KIN, SKL
KIN, SNX
KIN, SRN
KIN, STMX
KIN, SUSHI
KIN, SXP
KIN, TOMO
KIN, TRU
KIN, TRX
KIN, UNI
KIN, VET
KIN, XEM
KIN, XLM
KIN, XMR
KIN, XRP
KIN, YFII
KIN, ZIL
KIN, ZRX
KNC, LINA
KNC, LINK
KNC, LTC
KNC, MEDIA
KNC, MID
KNC, MKR
KNC, MTA
KNC, ONT
KNC, PAXG
KNC, PERP
KNC, PRIV
KNC, PROM
KNC, RAMP
KNC, ROOK
KNC, RSR
KNC, SKL
KNC, SRN
KNC, STMX
KNC, SUSHI
KNC, SXP
KNC, THETA
KNC, TOMO
KNC, TRU
KNC, UNI
KNC, USDT
KNC, WAVES
KNC, XAUT
KNC, XEM
KNC, XLM
KNC, XMR
KNC, XRP
KNC, YFII
KNC, ZIL
KSM, LEO
KSM, LINA
KSM, LINK
KSM, LTC
KSM, MID
KSM, MTL
KSM, MVDA10
KSM, MVDA25
KSM, OMG
KSM, ONT
KSM, ORBS
KSM, PERP
KSM, PROM
KSM, QTUM
KSM, RAMP
KSM, RAY
KSM, REEF
KSM, REN
KSM, ROOK
KSM, RSR
KSM, RUNE
KSM, SC
KSM, SECO
KSM, SHIT
KSM, SKL
KSM, SOL
KSM, SRM
KSM, STMX
KSM, STORJ
KSM, STX
KSM, SUSHI
KSM, SXP
KSM, TOMO
KSM, TRU
KSM, TRX
KSM, UNISWAP
KSM, VET
KSM, WAVES
KSM, XLM
KSM, XMR
KSM, XRP
KSM, XTZ
KSM, YFII
KSM, ZEC
KSM, ZRX
LEO, MEDIA
LEO, ROOK
LEO, STX
LINA, LINK
LINA, LTC
LINA, MEDIA
LINA, MID
LINA, MTA
LINA, MTL
LINA, MVDA10
LINA, ONT
LINA, ORBS
LINA, PERP
LINA, PROM
LINA, PUNDIX
LINA, QTUM
LINA, RAMP
LINA, REEF
LINA, ROOK
LINA, RSR
LINA, RUNE
LINA, SC
LINA, STMX
LINA, SUSHI
LINA, TOMO
LINA, TRU
LINA, TRX
LINA, UNI
LINA, VET
LINA, WAVES
LINA, XEM
LINA, XLM
LINA, XMR
LINA, XRP
LINA, YFII
LINA, ZIL
LINA, ZRX
LINK, LTC
LINK, MEDIA
LINK, MID
LINK, MTA
LINK, MTL
LINK, ONT
LINK, ORBS
LINK, PERP
LINK, PROM
LINK, QTUM
LINK, RAMP
LINK, REEF
LINK, ROOK
LINK, RSR
LINK, SC
LINK, SKL
LINK, STMX
LINK, SUSHI
LINK, TRU
LINK, TRX
LINK, VET
LINK, WAVES
LINK, XLM
LINK, XMR
LINK, XRP
LINK, YFII
LINK, ZIL
LINK, ZRX
LTC, MEDIA
LTC, MID
LTC, MTA
LTC, MTL
LTC, ONT
LTC, ORBS
LTC, PROM
LTC, QTUM
LTC, RAMP
LTC, REEF
LTC, ROOK
LTC, RSR
LTC, RUNE
LTC, SC
LTC, SKL
LTC, STMX
LTC, TRU
LTC, TRX
LTC, VET
LTC, XEM
LTC, XLM
LTC, XRP
LTC, YFII
LTC, ZRX
LUNA, NEAR
MAPS, MTL
MAPS, PERP
MAPS, SRM
MAPS, STEP
MAPS, TRU
MAPS, WAVES
MAPS, YFII
MATIC, OKB
MATIC, STX
MEDIA, MID
MEDIA, MKR
MEDIA, MTL
MEDIA, MVDA10
MEDIA, MVDA25
MEDIA, NEO
MEDIA, ONT
MEDIA, ORBS
MEDIA, PAXG
MEDIA, PERP
MEDIA, PRIV
MEDIA, PROM
MEDIA, PUNDIX
MEDIA, QTUM
MEDIA, RAMP
MEDIA, RAY
MEDIA, REEF
MEDIA, REN
MEDIA, ROOK
MEDIA, RSR
MEDIA, SC
MEDIA, SKL
MEDIA, SNX
MEDIA, SRN
MEDIA, STMX
MEDIA, SUSHI
MEDIA, SXP
MEDIA, THETA
MEDIA, TOMO
MEDIA, TRU
MEDIA, TRX
MEDIA, TRYB
MEDIA, UNI
MEDIA, UNISWAP
MEDIA, USDT
MEDIA, VET
MEDIA, WAVES
MEDIA, XAUT
MEDIA, XEM
MEDIA, XLM
MEDIA, XMR
MEDIA, XRP
MEDIA, XTZ
MEDIA, YFI
MEDIA, YFII
MEDIA, ZIL
MEDIA, ZRX
MER, NEO
MER, ORBS
MER, OXY
MER, PERP
MER, PROM
MER, RAMP
MER, RAY
MER, SKL
MER, SNX
MER, SRM
MER, SRN
MER, SUSHI
MER, SXP
MER, TOMO
MER, TRYB
MER, UNI
MER, UNISWAP
MER, WAVES
MER, XEM
MER, YFII
MID, MTA
MID, MTL
MID, ONT
MID, PROM
MID, ROOK
MID, RSR
MID, SC
MID, STMX
MID, TRU
MID, TRX
MID, XLM
MID, XRP
MID, YFII
MID, ZRX
MKR, MTA
MKR, ONT
MKR, PRIV
MKR, PROM
MKR, PUNDIX
MKR, RSR
MKR, SRN
MKR, SXP
MKR, THETA
MKR, TOMO
MKR, USDT
MKR, XAUT
MKR, XEM
MKR, XMR
MKR, YFII
MTA, ONT
MTA, PERP
MTA, PRIV
MTA, PROM
MTA, PUNDIX
MTA, QTUM
MTA, RSR
MTA, RUNE
MTA, SC
MTA, SHIT
MTA, SKL
MTA, STORJ
MTA, THETA
MTA, TOMO
MTA, TRU
MTA, TRX
MTA, VET
MTA, XEM
MTA, XLM
MTA, YFII
MTA, ZEC
MTA, ZRX
MTL, MVDA10
MTL, MVDA25
MTL, ONT
MTL, ORBS
MTL, OXY
MTL, PERP
MTL, PROM
MTL, PUNDIX
MTL, QTUM
MTL, RAMP
MTL, RAY
MTL, REEF
MTL, REN
MTL, ROOK
MTL, RSR
MTL, RUNE
MTL, SC
MTL, SKL
MTL, SRM
MTL, STEP
MTL, STMX
MTL, SUSHI
MTL, TRU
MTL, TRX
MTL, UNISWAP
MTL, VET
MTL, WAVES
MTL, XLM
MTL, XRP
MTL, XTZ
MTL, YFII
MTL, ZIL
MTL, ZRX
MVDA10, QTUM
MVDA10, ROOK
MVDA10, RUNE
MVDA10, SC
MVDA10, ZRX
MVDA25, ROOK
MVDA25, RUNE
MVDA25, XTZ
NEO, PERP
NEO, PROM
NEO, RAMP
NEO, RSR
NEO, SKL
NEO, SNX
NEO, SRN
NEO, SUSHI
NEO, SXP
NEO, TOMO
NEO, TRU
NEO, UNI
NEO, WAVES
NEO, XEM
NEO, YFII
NEO, ZIL
OKB, STORJ
OKB, STX
OMG, REN
OMG, STEP
ONT, PERP
ONT, PRIV
ONT, PROM
ONT, PUNDIX
ONT, RAMP
ONT, ROOK
ONT, RSR
ONT, RUNE
ONT, SC
ONT, SKL
ONT, STMX
ONT, SUSHI
ONT, SXP
ONT, TOMO
ONT, TRU
ONT, UNI
ONT, VET
ONT, WAVES
ONT, XEM
ONT, XLM
ONT, XMR
ONT, XRP
ONT, YFII
ONT, ZIL
ONT, ZRX
ORBS, PERP
ORBS, PROM
ORBS, QTUM
ORBS, RAMP
ORBS, REN
ORBS, ROOK
ORBS, RUNE
ORBS, SKL
ORBS, STEP
ORBS, STMX
ORBS, TRU
ORBS, TRX
ORBS, UNISWAP
ORBS, VET
ORBS, WAVES
ORBS, XLM
ORBS, XRP
ORBS, XTZ
ORBS, YFII
ORBS, ZRX
OXY, PERP
OXY, SKL
OXY, STEP
OXY, WAVES
PAXG, THETA
PAXG, USDT
PAXG, XAUT
PAXG, YFI
PERP, PRIV
PERP, PROM
PERP, PUNDIX
PERP, QTUM
PERP, RAMP
PERP, REEF
PERP, ROOK
PERP, RSR
PERP, RUNE
PERP, SC
PERP, SKL
PERP, SNX
PERP, SRM
PERP, SRN
PERP, STEP
PERP, STMX
PERP, SUSHI
PERP, SXP
PERP, THETA
PERP, TOMO
PERP, TRU
PERP, UNI
PERP, VET
PERP, WAVES
PERP, XEM
PERP, XLM
PERP, XMR
PERP, XRP
PERP, YFII
PERP, ZIL
PERP, ZRX
PRIV, PROM
PRIV, RSR
PRIV, SKL
PRIV, SRN
PRIV, SXP
PRIV, THETA
PRIV, TOMO
PRIV, UNI
PRIV, XEM
PRIV, YFII
PRIV, ZIL
PROM, PUNDIX
PROM, QTUM
PROM, RAMP
PROM, REEF
PROM, ROOK
PROM, RSR
PROM, RUNE
PROM, SC
PROM, SKL
PROM, SNX
PROM, SRN
PROM, STEP
PROM, STMX
PROM, SUSHI
PROM, SXP
PROM, THETA
PROM, TOMO
PROM, TRU
PROM, TRX
PROM, UNI
PROM, VET
PROM, WAVES
PROM, XEM
PROM, XLM
PROM, XMR
PROM, XRP
PROM, YFI
PROM, YFII
PROM, ZIL
PROM, ZRX
PUNDIX, RAMP
PUNDIX, ROOK
PUNDIX, RSR
PUNDIX, SKL
PUNDIX, SNX
PUNDIX, SRN
PUNDIX, STMX
PUNDIX, SUSHI
PUNDIX, SXP
PUNDIX, TOMO
PUNDIX, TRU
PUNDIX, UNI
PUNDIX, WAVES
PUNDIX, XEM
PUNDIX, XMR
PUNDIX, XRP
PUNDIX, YFII
PUNDIX, ZIL
QTUM, RAMP
QTUM, REEF
QTUM, REN
QTUM, ROOK
QTUM, RSR
QTUM, RUNE
QTUM, SC
QTUM, STEP
QTUM, STMX
QTUM, TRU
QTUM, TRX
QTUM, VET
QTUM, WAVES
QTUM, XRP
QTUM, YFII
RAMP, ROOK
RAMP, RSR
RAMP, RUNE
RAMP, SC
RAMP, SKL
RAMP, SRM
RAMP, SRN
RAMP, STEP
RAMP, STMX
RAMP, SUSHI
RAMP, TRU
RAMP, TRX
RAMP, UNISWAP
RAMP, WAVES
RAMP, XEM
RAMP, XLM
RAMP, XRP
RAMP, XTZ
RAMP, YFII
RAMP, ZIL
RAMP, ZRX
RAY, STEP
RAY, TRU
REEF, ROOK
REEF, RUNE
REEF, SC
REEF, TRU
REEF, VET
REN, STEP
REN, UNISWAP
REN, XTZ
ROOK, RSR
ROOK, RUNE
ROOK, SC
ROOK, SKL
ROOK, SRN
ROOK, STMX
ROOK, SUSHI
ROOK, THETA
ROOK, TOMO
ROOK, TRU
ROOK, TRX
ROOK, UNI
ROOK, UNISWAP
ROOK, VET
ROOK, WAVES
ROOK, XEM
ROOK, XLM
ROOK, XMR
ROOK, XRP
ROOK, YFII
ROOK, ZIL
ROOK, ZRX
RSR, SC
RSR, SKL
RSR, SRN
RSR, STMX
RSR, SUSHI
RSR, TOMO
RSR, TRU
RSR, UNI
RSR, VET
RSR, WAVES
RSR, XEM
RSR, XLM
RSR, XMR
RSR, XRP
RSR, YFII
RSR, ZIL
RSR, ZRX
RUNE, SC
RUNE, SKL
RUNE, TRU
RUNE, TRX
RUNE, VET
RUNE, WAVES
RUNE, XRP
RUNE, ZRX
SC, SKL
SC, STMX
SC, TOMO
SC, TRU
SC, TRX
SC, VET
SC, XLM
SC, XRP
SC, YFII
SC, ZEC
SC, ZRX
SECO, STEP
SHIT, STORJ
SHIT, STX
SHIT, ZEC
SKL, SRM
SKL, SRN
SKL, STMX
SKL, SUSHI
SKL, SXP
SKL, TOMO
SKL, TRU
SKL, UNI
SKL, VET
SKL, WAVES
SKL, XEM
SKL, XRP
SKL, YFII
SKL, ZIL
SKL, ZRX
SNX, SRN
SNX, SUSHI
SNX, SXP
SNX, TOMO
SNX, TRYB
SNX, UNI
SNX, WAVES
SNX, XEM
SNX, YFII
SOL, STEP
SRM, STEP
SRM, TRU
SRM, WAVES
SRN, SUSHI
SRN, SXP
SRN, THETA
SRN, TOMO
SRN, TRU
SRN, TRYB
SRN, UNI
SRN, WAVES
SRN, XEM
SRN, XMR
SRN, YFII
SRN, ZIL
STEP, TRU
STEP, UNISWAP
STEP, WAVES
STEP, XTZ
STEP, YFII
STMX, SUSHI
STMX, TRU
STMX, TRX
STMX, UNI
STMX, UNISWAP
STMX, VET
STMX, WAVES
STMX, XLM
STMX, XMR
STMX, XRP
STMX, XTZ
STMX, YFII
STMX, ZIL
STMX, ZRX
STORJ, STX
STORJ, ZEC
STX, ZEC
SUSHI, SXP
SUSHI, TOMO
SUSHI, TRU
SUSHI, UNI
SUSHI, WAVES
SUSHI, XEM
SUSHI, XLM
SUSHI, XMR
SUSHI, XRP
SUSHI, YFII
SUSHI, ZIL
SXP, THETA
SXP, TRU
SXP, UNI
SXP, YFII
SXP, ZIL
THETA, TOMO
THETA, TRYB
THETA, UNI
THETA, USDT
THETA, WAVES
THETA, XAUT
THETA, XEM
THETA, XLM
THETA, XMR
THETA, YFI
THETA, YFII
THETA, ZIL
TOMO, UNI
TOMO, VET
TOMO, XEM
TOMO, XLM
TOMO, XMR
TOMO, ZIL
TOMO, ZRX
TRU, UNI
TRU, UNISWAP
TRU, VET
TRU, WAVES
TRU, XEM
TRU, XLM
TRU, XRP
TRU, XTZ
TRU, YFII
TRU, ZIL
TRU, ZRX
TRX, XRP
TRX, XTZ
TRX, ZRX
UNI, WAVES
UNI, XEM
UNI, XLM
UNI, XMR
UNI, YFII
UNI, ZIL
UNISWAP, XTZ
USDT, XAUT
USDT, YFI
VET, WAVES
VET, XLM
VET, XRP
VET, YFII
VET, ZRX
WAVES, XEM
WAVES, XLM
WAVES, XMR
WAVES, XRP
WAVES, XTZ
WAVES, YFII
WAVES, ZIL
WAVES, ZRX
XAUT, YFI
XEM, XLM
XEM, XMR
XEM, XRP
XEM, YFII
XEM, ZIL
XLM, XMR
XLM, YFII
XLM, ZIL
XLM, ZRX
XMR, YFI
XMR, YFII
XMR, ZIL
XRP, XTZ
XRP, YFII
XRP, ZIL
XRP, ZRX
XTZ, YFII
YFII, ZIL
YFII, ZRX
